1,23,1,2,2023-08-27
2,30,1,2,2023-09-25
3,42,1,2,2024-06-17
4,82,1,2,2024-09-05
5,97,1,2,2024-09-08
6,107,1,2,2025-04-21
7,145,1,2,2025-12-04
8,149,1,2,2024-09-13
9,175,1,2,2025-07-01
10,179,1,2,2025-12-15
11,195,1,2,2023-10-11
12,201,1,2,2025-12-02
13,209,1,2,2025-09-12
14,210,1,2,2024-12-06
15,225,1,2,2023-11-03
16,266,1,2,2024-01-01
17,272,1,2,2024-06-26
18,289,1,2,2024-08-03
19,307,1,2,2023-10-19
20,366,1,2,2024-07-22
21,368,1,2,2024-11-11
22,370,1,2,2024-02-28
23,421,1,2,2023-12-12
24,429,1,2,2024-02-08
25,435,1,2,2023-11-19
26,467,1,2,2023-12-07
27,469,1,2,2025-01-15
28,474,1,2,2025-10-16
29,537,1,2,2023-10-04
30,543,1,2,2025-02-10
31,557,1,2,2023-12-06
32,564,1,2,2025-09-11
33,580,1,2,2024-12-15
34,652,1,2,2024-11-09
35,701,1,2,2025-10-06
36,707,1,2,2024-12-28
37,708,1,2,2024-09-14
38,747,1,2,2024-02-18
39,764,1,2,2024-10-03
40,776,1,2,2023-11-14
41,821,1,2,2024-01-25
42,828,1,2,2023-06-11
43,844,1,2,2024-01-10
44,853,1,2,2023-09-21
45,868,1,2,2024-03-29
46,881,1,2,2023-10-08
47,898,1,2,2023-02-21
48,909,1,2,2025-07-28
49,910,1,2,2025-11-01
50,920,1,2,2025-04-01
51,931,1,2,2024-11-27
52,965,1,2,2024-08-04
53,994,1,2,2024-04-08
54,1010,1,2,2024-12-06
55,1042,1,2,2025-05-11
56,1054,1,2,2023-08-12
57,1097,1,2,2023-11-30
58,1107,1,2,2025-05-28
59,1121,1,2,2024-10-28
60,1147,1,2,2024-02-08
61,1251,1,2,2025-01-17
62,1268,1,2,2024-08-24
63,1321,1,2,2023-08-08
64,1348,1,2,2023-08-18
65,1363,1,2,2023-11-27
66,1376,1,2,2023-07-13
67,1387,1,2,2024-03-27
68,1411,1,2,2023-12-09
69,1434,1,2,2025-02-03
70,1457,1,2,2025-08-10
71,1465,1,2,2023-07-14
72,1521,1,2,2024-01-29
73,1552,1,2,2024-07-09
74,1598,1,2,2023-09-23
75,1629,1,2,2023-10-14
76,1640,1,2,2023-10-04
77,1648,1,2,2024-03-18
78,1649,1,2,2024-08-29
79,1680,1,2,2024-01-28
80,1682,1,2,2023-12-28
81,1699,1,2,2024-01-03
82,1700,1,2,2025-09-01
83,1701,1,2,2024-10-22
84,1718,1,2,2025-10-02
85,1778,1,2,2025-01-14
86,1809,1,2,2023-08-14
87,1814,1,2,2025-08-20
88,1825,1,2,2025-01-02
89,1885,1,2,2025-05-28
90,1928,1,2,2024-04-12
91,1935,1,2,2025-10-24
92,1941,1,2,2024-07-08
93,1942,1,2,2024-09-29
94,1958,1,2,2024-05-09
95,1974,1,2,2024-03-25
96,1997,1,2,2024-02-03
97,2022,1,2,2023-09-24
98,2055,1,2,2025-05-24
99,2065,1,2,2025-07-20
100,2139,1,2,2023-09-10
101,2148,1,2,2024-10-10
102,2152,1,2,2023-11-06
103,2153,1,2,2023-12-18
104,2208,1,2,2023-09-30
105,2222,1,2,2024-02-15
106,2272,1,2,2024-11-06
107,2293,1,2,2025-02-20
108,2305,1,2,2024-06-13
109,2337,1,2,2023-09-19
110,2368,1,2,2025-04-02
111,2374,1,2,2024-07-24
112,2375,1,2,2024-03-01
113,2378,1,2,2024-01-25
114,2382,1,2,2024-07-15
115,2396,1,2,2024-05-21
116,2413,1,2,2024-03-20
117,2454,1,2,2024-12-02
118,2457,1,2,2024-12-07
119,2468,1,2,2023-06-13
120,2472,1,2,2024-01-09
121,2487,1,2,2025-05-27
122,2500,1,2,2024-11-22
123,2532,1,2,2023-07-25
124,2556,1,2,2024-06-08
125,2565,1,2,2023-10-01
126,2567,1,2,2024-02-09
127,2572,1,2,2023-09-13
128,2593,1,2,2023-12-27
129,2603,1,2,2024-12-20
130,2610,1,2,2024-01-21
131,2650,1,2,2024-05-11
132,2693,1,2,2023-03-21
133,2694,1,2,2025-04-14
134,2699,1,2,2024-04-10
135,2705,1,2,2024-02-03
136,2782,1,2,2023-11-03
137,2789,1,2,2024-04-22
138,2802,1,2,2025-06-08
139,2808,1,2,2024-03-17
140,2825,1,2,2024-03-28
141,2832,1,2,2023-07-30
142,2835,1,2,2025-08-14
143,2842,1,2,2024-07-10
144,2857,1,2,2024-12-23
145,2903,1,2,2024-05-21
146,2935,1,2,2024-05-13
147,2944,1,2,2024-09-26
148,2947,1,2,2024-12-16
149,2967,1,2,2023-08-19
150,3002,1,2,2024-04-14
151,3039,1,2,2024-01-26
152,3109,1,2,2024-04-26
153,3121,1,2,2023-09-17
154,3139,1,2,2025-01-11
155,3143,1,2,2024-02-07
156,3186,1,2,2023-10-22
157,3189,1,2,2024-05-02
158,3206,1,2,2025-04-08
159,3226,1,2,2023-11-21
160,3244,1,2,2023-10-29
161,3245,1,2,2025-03-10
162,3304,1,2,2024-06-29
163,3323,1,2,2024-03-12
164,3332,1,2,2024-05-21
165,3340,1,2,2023-10-03
166,3357,1,2,2024-09-04
167,3370,1,2,2023-12-23
168,3414,1,2,2024-07-03
169,3427,1,2,2024-08-21
170,3440,1,2,2023-04-02
171,3445,1,2,2025-04-17
172,3459,1,2,2024-08-09
173,3473,1,2,2023-10-09
174,3484,1,2,2023-04-02
175,3487,1,2,2024-05-23
176,3501,1,2,2023-11-16
177,3517,1,2,2023-05-14
178,3533,1,2,2025-07-17
179,3556,1,2,2025-02-04
180,3604,1,2,2024-06-07
181,3605,1,2,2024-03-11
182,3620,1,2,2024-09-22
183,3634,1,2,2023-11-13
184,3635,1,2,2023-06-12
185,3647,1,2,2024-07-02
186,3661,1,2,2025-07-28
187,3664,1,2,2025-08-03
188,3698,1,2,2025-04-28
189,3712,1,2,2024-11-19
190,3752,1,2,2023-08-13
191,3753,1,2,2025-07-28
192,3757,1,2,2023-03-25
193,3781,1,2,2024-04-06
194,3791,1,2,2024-01-07
195,3847,1,2,2023-12-05
196,3854,1,2,2024-04-03
197,3859,1,2,2024-06-21
198,3860,1,2,2024-04-01
199,3866,1,2,2025-05-26
200,3870,1,2,2023-11-23
201,3872,1,2,2024-08-07
202,3904,1,2,2023-08-10
203,3935,1,2,2024-08-06
204,3949,1,2,2023-06-08
205,4036,1,2,2024-01-15
206,4068,1,2,2024-02-29
207,4110,1,2,2024-05-29
208,4125,1,2,2023-11-25
209,4144,1,2,2025-02-15
210,4170,1,2,2024-11-04
211,4282,1,2,2024-06-16
212,4283,1,2,2023-09-02
213,4304,1,2,2024-06-20
214,4341,1,2,2023-10-04
215,4343,1,2,2024-06-11
216,4345,1,2,2025-07-08
217,4346,1,2,2023-05-03
218,4347,1,2,2025-02-28
219,4352,1,2,2024-02-21
220,4354,1,2,2024-05-26
221,4363,1,2,2024-01-18
222,4369,1,2,2025-06-22
223,4380,1,2,2024-02-27
224,4381,1,2,2024-07-21
225,4397,1,2,2025-04-19
226,4423,1,2,2024-03-29
227,4425,1,2,2023-11-18
228,4430,1,2,2023-05-13
229,4434,1,2,2023-03-14
230,4467,1,2,2024-01-14
231,4549,1,2,2025-06-24
232,4561,1,2,2024-07-04
233,4571,1,2,2025-03-09
234,4579,1,2,2023-05-08
235,4585,1,2,2023-09-17
236,4598,1,2,2023-11-28
237,4602,1,2,2023-09-21
238,4622,1,2,2024-08-15
239,4626,1,2,2024-05-23
240,4662,1,2,2023-11-19
241,4665,1,2,2025-10-28
242,4687,1,2,2023-10-10
243,4710,1,2,2025-10-07
244,4711,1,2,2024-12-29
245,4723,1,2,2023-12-29
246,4741,1,2,2023-08-26
247,4761,1,2,2024-05-10
248,4787,1,2,2023-12-11
249,4799,1,2,2024-06-21
250,4807,1,2,2023-06-04
251,4826,1,2,2024-08-27
252,4863,1,2,2023-12-05
253,4898,1,2,2024-09-18
254,4934,1,2,2025-05-11
255,4959,1,2,2023-07-04
256,4988,1,2,2024-05-08
257,5003,1,2,2024-09-07
258,5121,1,2,2025-02-09
259,5136,1,2,2025-06-24
260,5141,1,2,2025-08-09
261,5165,1,2,2025-01-25
262,5184,1,2,2025-03-18
263,5190,1,2,2024-08-20
264,5198,1,2,2025-05-01
265,5287,1,2,2024-11-15
266,5335,1,2,2025-04-28
267,5343,1,2,2024-06-20
268,5349,1,2,2025-04-21
269,5357,1,2,2024-03-28
270,5400,1,2,2025-12-02
271,5462,1,2,2024-09-25
272,5475,1,2,2024-09-02
273,5517,1,2,2024-10-20
274,5529,1,2,2025-05-22
275,5558,1,2,2024-10-06
276,5566,1,2,2025-07-01
277,5583,1,2,2024-10-26
278,5601,1,2,2024-11-30
279,5604,1,2,2024-06-07
280,5614,1,2,2024-10-02
281,5638,1,2,2025-11-05
282,5644,1,2,2024-06-29
283,5649,1,2,2025-09-02
284,5651,1,2,2025-11-28
285,5695,1,2,2024-02-07
286,5777,1,2,2025-04-27
287,5791,1,2,2025-03-10
288,5821,1,2,2025-03-17
289,5839,1,2,2024-12-15
290,5891,1,2,2024-12-30
291,5984,1,2,2025-02-01
292,6021,1,2,2024-10-15
293,6049,1,2,2024-03-24
294,6106,1,2,2024-06-03
295,6118,1,2,2024-07-13
296,6144,1,2,2024-11-04
297,6152,1,2,2025-04-18
298,6156,1,2,2025-04-01
299,6201,1,2,2025-10-16
300,6251,1,2,2024-06-01
301,6273,1,2,2025-05-25
302,6343,1,2,2025-09-04
303,6361,1,2,2025-11-12
304,6490,1,2,2025-07-28
305,6530,1,2,2024-11-12
306,6533,1,2,2025-08-10
307,6561,1,2,2025-09-21
308,6572,1,2,2024-11-25
309,6607,1,2,2024-08-30
310,6655,1,2,2025-08-07
311,6689,1,2,2025-02-10
312,6709,1,2,2025-07-09
313,6715,1,2,2025-09-07
314,6775,1,2,2025-02-06
315,6803,1,2,2025-03-05
316,6813,1,2,2024-05-07
317,6848,1,2,2025-11-02
318,6854,1,2,2025-08-08
319,6878,1,2,2024-11-20
320,6895,1,2,2024-05-02
321,6928,1,2,2025-08-15
322,6930,1,2,2024-08-15
323,6938,1,2,2025-05-10
324,6939,1,2,2025-06-19
325,6958,1,2,2025-12-16
326,7049,1,2,2024-10-06
327,7056,1,2,2024-11-11
328,7066,1,2,2025-02-16
329,7070,1,2,2024-11-19
330,7071,1,2,2024-09-17
331,7089,1,2,2025-01-18
332,7110,1,2,2025-02-08
333,7121,1,2,2024-10-14
334,7123,1,2,2024-09-07
335,7161,1,2,2025-03-26
336,7192,1,2,2024-09-16
337,7207,1,2,2025-05-23
338,7252,1,2,2025-04-15
339,7270,1,2,2025-02-17
340,7286,1,2,2025-09-12
341,7342,1,2,2025-05-26
342,7345,1,2,2025-07-19
343,7411,1,2,2024-08-13
344,7431,1,2,2024-09-24
345,7445,1,2,2024-05-23
346,7533,1,2,2025-03-03
347,7540,1,2,2024-06-12
348,7541,1,2,2024-08-12
349,7549,1,2,2024-10-11
350,7553,1,2,2025-02-21
351,7609,1,2,2024-11-29
352,7621,1,2,2025-09-28
353,7675,1,2,2024-04-21
354,7738,1,2,2024-05-18
355,7771,1,2,2024-11-30
356,7823,1,2,2024-12-06
357,7857,1,2,2024-07-02
358,7861,1,2,2025-10-16
359,7872,1,2,2024-11-21
360,7879,1,2,2025-10-21
361,7891,1,2,2025-09-08
362,7955,1,2,2024-11-24
363,8007,1,2,2025-06-02
364,8022,1,2,2025-02-21
365,8035,1,2,2024-10-05
366,8040,1,2,2025-05-28
367,8055,1,2,2025-10-21
368,8057,1,2,2024-12-29
369,8116,1,2,2024-09-16
370,8162,1,2,2025-04-20
371,8165,1,2,2025-01-22
372,8168,1,2,2025-05-03
373,8177,1,2,2024-06-24
374,8182,1,2,2024-08-19
375,8214,1,2,2024-09-02
376,8265,1,2,2025-02-28
377,8271,1,2,2024-10-22
378,8278,1,2,2024-08-02
379,8287,1,2,2025-03-19
380,8291,1,2,2025-09-07
381,8294,1,2,2025-12-11
382,8302,1,2,2025-04-10
383,8336,1,2,2025-03-19
384,8349,1,2,2024-09-12
385,8395,1,2,2024-05-08
386,8401,1,2,2025-06-03
387,8406,1,2,2025-05-16
388,8412,1,2,2025-03-04
389,8413,1,2,2025-01-05
390,8445,1,2,2025-01-16
391,8478,1,2,2025-11-12
392,8486,1,2,2025-11-01
393,8499,1,2,2025-09-08
394,8512,1,2,2024-04-03
395,8514,1,2,2024-10-26
396,8518,1,2,2025-06-28
397,8529,1,2,2024-02-20
398,8535,1,2,2024-10-21
399,8542,1,2,2024-10-11
400,8547,1,2,2025-03-15
401,8567,1,2,2025-09-07
402,8571,1,2,2025-09-28
403,8601,1,2,2024-06-29
404,8613,1,2,2025-09-05
405,8628,1,2,2025-03-13
406,8646,1,2,2025-02-25
407,8663,1,2,2024-12-21
408,8670,1,2,2024-04-21
409,8673,1,2,2024-04-17
410,8729,1,2,2025-09-05
411,8751,1,2,2024-07-08
412,8786,1,2,2025-09-26
413,8809,1,2,2025-07-26
414,8849,1,2,2025-06-04
415,8867,1,2,2025-08-28
416,8891,1,2,2025-06-26
417,8990,1,2,2024-03-09
418,9046,1,2,2024-03-02
419,9051,1,2,2025-06-24
420,9060,1,2,2025-07-02
421,9129,1,2,2025-03-28
422,9218,1,2,2025-03-28
423,9275,1,2,2025-01-21
424,9287,1,2,2024-06-20
425,9306,1,2,2025-02-16
426,9333,1,2,2024-10-20
427,9357,1,2,2025-02-25
428,9382,1,2,2025-04-06
429,9389,1,2,2024-09-24
430,9394,1,2,2024-12-09
431,9400,1,2,2025-04-13
432,9408,1,2,2024-10-06
433,9412,1,2,2024-09-05
434,9416,1,2,2024-12-28
435,9484,1,2,2025-11-07
436,9488,1,2,2025-01-07
437,9515,1,2,2025-03-26
438,9543,1,2,2025-04-16
439,9546,1,2,2025-09-12
440,9603,1,2,2025-06-22
441,9611,1,2,2025-03-07
442,9628,1,2,2025-03-13
443,9660,1,2,2024-03-14
444,9684,1,2,2024-09-27
445,9758,1,2,2025-10-12
446,9790,1,2,2025-03-19
447,9796,1,2,2024-06-06
448,9802,1,2,2024-05-16
449,9806,1,2,2025-03-17
450,9824,1,2,2025-08-06
451,9835,1,2,2025-02-03
452,9847,1,2,2024-02-08
453,9849,1,2,2024-05-25
454,9866,1,2,2024-05-26
455,9877,1,2,2025-01-15
456,9887,1,2,2024-11-05
457,9910,1,2,2025-04-19
458,9925,1,2,2024-07-20
459,9940,1,2,2025-08-04
460,9941,1,2,2025-11-28
461,9950,1,2,2024-08-23
462,9963,1,2,2025-01-01
463,9985,1,2,2025-01-21
464,10001,1,2,2025-04-01
465,10009,1,2,2025-03-25
466,10020,1,2,2024-05-15
467,10046,1,2,2025-01-24
468,10066,1,2,2024-09-24
469,10077,1,2,2024-08-11
470,10105,1,2,2025-11-17
471,10111,1,2,2025-12-19
472,10139,1,2,2025-02-06
473,10175,1,2,2025-01-27
474,10200,1,2,2025-02-17
475,10247,1,2,2024-11-11
476,10253,1,2,2025-01-02
477,10262,1,2,2025-05-04
478,10313,1,2,2024-06-27
479,10326,1,2,2025-11-08
480,10358,1,2,2024-08-03
481,10362,1,2,2024-10-27
482,10385,1,2,2024-12-20
483,10390,1,2,2025-06-19
484,10404,1,2,2024-04-16
485,10414,1,2,2025-11-15
486,10422,1,2,2025-11-03
487,10435,1,2,2024-09-07
488,10480,1,2,2025-02-23
489,10541,1,2,2024-12-11
490,10543,1,2,2024-07-02
491,10554,1,2,2024-05-07
492,10616,1,2,2025-10-01
493,10665,1,2,2025-06-24
494,10667,1,2,2025-01-09
495,10669,1,2,2025-12-20
496,10723,1,2,2024-12-04
497,10744,1,2,2025-04-23
498,10747,1,2,2024-12-12
499,10793,1,2,2025-10-27
500,10825,1,2,2025-03-25
501,10865,1,2,2025-10-28
502,10882,1,2,2024-10-11
503,10907,1,2,2025-02-18
504,10956,1,2,2025-06-07
505,10986,1,2,2025-06-04
506,11001,1,2,2025-12-18
507,11030,1,2,2024-12-24
508,11078,1,2,2025-01-19
509,11082,1,2,2025-02-16
510,11083,1,2,2024-11-30
511,11117,1,2,2025-04-01
512,11121,1,2,2024-12-23
513,11193,1,2,2025-06-13
514,11206,1,2,2025-06-04
515,11226,1,2,2024-10-05
516,11276,1,2,2025-09-21
517,11288,1,2,2025-12-22
518,11327,1,2,2024-12-28
519,11366,1,2,2025-01-25
520,11390,1,2,2024-07-10
521,11405,1,2,2024-11-22
522,11415,1,2,2024-05-04
523,11435,1,2,2025-08-22
524,11462,1,2,2024-08-21
525,11465,1,2,2025-11-07
526,11472,1,2,2025-04-28
527,11493,1,2,2024-07-15
528,11549,1,2,2024-04-14
529,11552,1,2,2025-09-27
530,11603,1,2,2025-06-19
531,11632,1,2,2024-11-08
532,11642,1,2,2024-10-09
533,11693,1,2,2024-05-02
534,11696,1,2,2025-04-19
535,11709,1,2,2024-10-29
536,11756,1,2,2024-06-22
537,11790,1,2,2025-10-04
538,11821,1,2,2025-07-24
539,11859,1,2,2025-07-08
540,11874,1,2,2025-12-24
541,11927,1,2,2025-11-15
542,11935,1,2,2024-03-26
543,11940,1,2,2025-08-23
544,11973,1,2,2024-12-02
545,11974,1,2,2025-05-22
546,12038,1,2,2024-06-23
547,12106,1,2,2024-05-07
548,12118,1,2,2025-05-10
549,12224,1,2,2024-09-16
550,12231,1,2,2024-11-13
551,12241,1,2,2024-09-14
552,12257,1,2,2025-08-19
553,12341,1,2,2025-04-08
554,12376,1,2,2024-11-27
555,12397,1,2,2025-02-26
556,12418,1,2,2025-05-23
557,12429,1,2,2025-01-06
558,12507,1,2,2024-12-19
559,12508,1,2,2025-06-04
560,12520,1,2,2024-09-18
561,12533,1,2,2024-10-25
562,12543,1,2,2025-08-02
563,12550,1,2,2024-11-18
564,12569,1,2,2025-01-06
565,12577,1,2,2024-07-01
566,12600,1,2,2024-09-05
567,12608,1,2,2025-11-19
568,12614,1,2,2025-06-14
569,12643,1,2,2024-10-27
570,12647,1,2,2025-07-06
571,12648,1,2,2025-02-26
572,12672,1,2,2025-02-10
573,12727,1,2,2025-07-20
574,12733,1,2,2024-10-26
575,12745,1,2,2024-11-15
576,12777,1,2,2025-11-07
577,12823,1,2,2024-11-03
578,12830,1,2,2024-11-06
579,12850,1,2,2024-11-14
580,12853,1,2,2024-09-09
581,12869,1,2,2025-06-01
582,12871,1,2,2024-12-03
583,12893,1,2,2025-12-02
584,12944,1,2,2025-08-01
585,12979,1,2,2025-01-28
586,13006,1,2,2025-10-12
587,13033,1,2,2025-09-28
588,13115,1,2,2025-11-06
589,13157,1,2,2025-08-14
590,13187,1,2,2025-09-13
591,13189,1,2,2025-11-23
592,13395,1,2,2025-12-26
593,13445,1,2,2025-06-11
594,13447,1,2,2025-11-16
595,13474,1,2,2025-12-28
596,13486,1,2,2025-10-10
597,13495,1,2,2025-08-16
598,13605,1,2,2025-09-13
599,13617,1,2,2025-09-30
600,13630,1,2,2025-12-15
601,13647,1,2,2025-09-19
602,13961,1,2,2025-09-26
603,13988,1,2,2025-09-01
604,14040,1,2,2025-05-26
605,14105,1,2,2025-12-28
606,14144,1,2,2025-10-11
607,14167,1,2,2025-12-13
608,14201,1,2,2025-06-15
609,14257,1,2,2025-03-09
610,14307,1,2,2025-09-23
611,14363,1,2,2025-07-16
612,14509,1,2,2025-11-04
613,14600,1,2,2025-10-19
614,14627,1,2,2025-10-13
615,14675,1,2,2025-05-22
616,14692,1,2,2025-10-23
617,14717,1,2,2025-11-22
618,14944,1,2,2025-07-15
619,14967,1,2,2025-03-03
620,15046,1,2,2025-08-09
621,15070,1,2,2025-10-01
622,15092,1,2,2025-11-05
623,15125,1,2,2025-10-17
624,15126,1,2,2025-08-22
625,15127,1,2,2025-04-26
626,15143,1,2,2025-03-28
627,15171,1,2,2025-08-20
628,15211,1,2,2025-12-09
629,15235,1,2,2025-08-09
630,15248,1,2,2025-08-26
631,15256,1,2,2025-07-27
632,15301,1,2,2025-12-14
633,15303,1,2,2025-05-30
634,15369,1,2,2025-12-26
635,15409,1,2,2025-10-04
636,15539,1,2,2025-11-12
637,15619,1,2,2025-03-12
638,15681,1,2,2025-11-06
639,15695,1,2,2025-12-15
640,15725,1,2,2025-11-14
641,16007,1,2,2025-12-07
642,16008,1,2,2025-05-28
643,16035,1,2,2025-12-27
644,16043,1,2,2025-07-23
645,16052,1,2,2025-10-09
646,16369,1,2,2025-09-24
647,16374,1,2,2025-07-06
648,16609,1,2,2025-11-15
649,16658,1,2,2025-10-29
650,16681,1,2,2025-12-19
651,16838,1,2,2025-10-24
652,16888,1,2,2025-11-21
653,16940,1,2,2025-11-14
654,16960,1,2,2025-10-23
655,16980,1,2,2025-09-15
656,17081,1,2,2025-12-14
657,17101,1,2,2025-11-09
658,17109,1,2,2025-06-08
659,17145,1,2,2025-08-15
660,17292,1,2,2025-07-16
661,17308,1,2,2025-12-17
662,17434,1,2,2025-07-01
663,17450,1,2,2025-10-29
664,17553,1,2,2025-12-28
665,17582,1,2,2025-11-18
666,17600,1,2,2025-06-24
667,17604,1,2,2025-05-24
668,17689,1,2,2025-04-27
669,17703,1,2,2025-12-29
670,17715,1,2,2025-12-13
671,17856,1,2,2025-11-21
672,17857,1,2,2025-03-21
673,17907,1,2,2025-02-12
674,17926,1,2,2025-09-09
675,17937,1,2,2025-05-11
676,17999,1,2,2025-11-17
677,18013,1,2,2025-07-05
678,18041,1,2,2025-06-23
679,18162,1,2,2025-05-28
680,18252,1,2,2025-05-26
681,18323,1,2,2025-07-11
682,18426,1,2,2025-09-25
683,18571,1,2,2025-03-28
684,18760,1,2,2025-08-20
685,18767,1,2,2025-08-30
686,18768,1,2,2025-09-01
687,18783,1,2,2025-10-12
688,18813,1,2,2025-02-04
689,18900,1,2,2025-05-26
690,18966,1,2,2025-08-17
691,19015,1,2,2025-05-13
692,19048,1,2,2025-07-25
693,19074,1,2,2025-11-12
694,19125,1,2,2025-12-06
695,19211,1,2,2025-11-13
696,19275,1,2,2025-10-19
697,19319,1,2,2025-03-05
698,19324,1,2,2025-05-23
699,19364,1,2,2025-12-26
700,19413,1,2,2025-12-28
701,19416,1,2,2025-09-06
702,19432,1,2,2025-06-10
703,19490,1,2,2025-10-05
704,19517,1,2,2025-03-01
705,19544,1,2,2025-11-11
706,19572,1,2,2025-09-27
707,19625,1,2,2025-08-19
708,19708,1,2,2025-11-30
709,19874,1,2,2025-05-21
710,19993,1,2,2025-11-17
711,20119,1,2,2025-08-13
712,20199,1,2,2025-03-28
713,20213,1,2,2025-09-26
714,20288,1,2,2025-10-14
715,20322,1,2,2025-10-09
716,20417,1,2,2025-12-11
717,20422,1,2,2025-04-26
718,20497,1,2,2025-12-21
719,20515,1,2,2025-12-22
720,20548,1,2,2025-12-02
721,20662,1,2,2025-05-17
722,20687,1,2,2025-12-25
723,20708,1,2,2025-12-12
724,20772,1,2,2025-06-02
725,20906,1,2,2025-03-20
726,20937,1,2,2025-05-30
727,20941,1,2,2025-12-08
728,20966,1,2,2025-06-25
729,20992,1,2,2025-10-17
730,21224,1,2,2025-08-03
731,21369,1,2,2025-07-30
732,21519,1,2,2025-06-21
733,21604,1,2,2025-12-26
734,21686,1,2,2025-08-22
735,21702,1,2,2025-08-06
736,21769,1,2,2025-11-30
737,21781,1,2,2025-04-15
738,21844,1,2,2025-12-01
739,21866,1,2,2025-07-13
740,21876,1,2,2025-11-26
741,21914,1,2,2025-12-20
742,21980,1,2,2025-03-19
743,22016,1,2,2025-06-04
744,22119,1,2,2025-10-21
745,22123,1,2,2025-12-23
746,22131,1,2,2025-12-21
747,22137,1,2,2025-09-05
748,22146,1,2,2025-10-21
749,22322,1,2,2025-09-12
750,22356,1,2,2025-05-09
751,22444,1,2,2025-05-20
752,22516,1,2,2025-09-03
753,22533,1,2,2025-07-19
754,22577,1,2,2025-10-30
755,22590,1,2,2025-12-29
756,22906,1,2,2025-06-19
757,22948,1,2,2025-12-24
758,22987,1,2,2025-08-26
759,23052,1,2,2025-08-08
760,23110,1,2,2025-04-28
761,23153,1,2,2025-12-15
762,23292,1,2,2025-12-24
763,23421,1,2,2025-09-22
764,23476,1,2,2025-10-30
765,23546,1,2,2025-11-20
766,23550,1,2,2025-07-09
767,23579,1,2,2025-10-24
768,23681,1,2,2025-11-28
769,23710,1,2,2025-10-09
770,23800,1,2,2025-11-01
771,23822,1,2,2025-11-23
772,23856,1,2,2025-12-03
773,23884,1,2,2025-05-04
774,24061,1,2,2025-02-18
775,24150,1,2,2025-10-29
776,24178,1,2,2025-11-11
777,24326,1,2,2025-08-08
778,24350,1,2,2025-02-25
779,24375,1,2,2025-08-09
780,24381,1,2,2025-11-20
781,24418,1,2,2025-09-28
782,24686,1,2,2025-02-13
783,24691,1,2,2025-07-06
784,24863,1,2,2025-07-04
785,24893,1,2,2025-11-01
786,24941,1,2,2025-08-02
787,24973,1,2,2025-12-20
